0.19710874772839182,0.19710874772839185,1845,39.92845528455285
0.01137949576631388,0.01137949576631388,2699,39.964431270841054
0.014198461134224398,0.014198461134224398,2497,39.93752503003604
0.007405598743335937,0.007405598743335937,2696,39.99554896142433
0.009100240887839202,0.009100240887839202,3715,39.974158815612384
0.00507412538593268,0.00507412538593268,4824,39.995024875621894
0.0,0.0,4809,40.0
0.0,0.0,3518,40.0
0.002157706581924322,0.002157706581924322,4125,39.99127272727273
0.0006560553696799038,0.0006560553696799038,5260,40.0
0.0018719771121784128,0.0018719771121784128,4848,39.992574257425744
0.005095246290691003,0.005095246290691003,3976,39.978873239436616
0.20533278360315765,0.2049737526165117,3645,39.99231824417009
0.2560595170593654,0.25571913631895893,3301,40.00121175401394
0.0017939549069875712,0.0017939549069875712,3392,39.992924528301884
0.20564446257370472,0.2080843235432828,4163,39.99135239010329
0.24727016326629261,0.24786729370588106,4773,39.97234443746072
0.25885944738054206,0.25885318221935644,3433,39.9568890183513
0.24234782174638933,0.24025563598950092,3320,39.98433734939759
0.25644089906354306,0.25529556306167844,4272,39.97752808988764
0.2572553059871277,0.25607731408555995,3959,39.97979287698914
0.25338845316787867,0.25075751067257546,4818,39.970112079701124
0.24679149483062054,0.20264471515397345,143,39.32867132867133
0.27727295154354115,0.24875737235463652,149,39.59731543624161
0.4727189710319814,0.4773981888866593,52,37.23076923076923
0.47100783333999946,0.38560972438810903,35,37.94285714285714
0.21879178096973348,0.21879178096973348,2559,39.98124267291911
0.23185227695802405,0.23185227695802405,977,40.03275332650972
0.21897284089377017,0.21897284089377017,3534,39.9830220713073
0.24652057790546564,0.2405094729162301,1020,40.08627450980392
0.17687537007555817,0.17464606808315244,2272,39.99647887323944
0.19076357234920666,0.19076357234920666,2811,40.005691924582
0.2120195459375746,0.20959481392915993,1152,40.0
0.059353879989484604,0.07387670125577657,148,40.027027027027025
0.404372570929374,0.5076932409610051,45,49.24444444444445
0.0,0.0,53,40.0
0.0,0.0,66,40.0
0.17269471070786768,0.17269471070786768,465,40.0
0.4375,0.4375,8,44.0
0.2341013737462929,0.2284250284764534,736,39.96739130434783
0.25308158658523994,0.24062924633872385,727,39.917469050894084
0.11066522451736177,0.11066522451736177,28,39.142857142857146
0.23055971271970113,0.22681643449951422,1806,39.98006644518272
0.24933188040935897,0.25438877744515276,2060,39.970873786407765
0.27767485112908313,0.29689652578621933,904,39.85840707964602
0.2391695994176619,0.23665522928561877,2933,39.983634503920904
0.2567617652324335,0.25428377772389565,2080,39.97115384615385
0.2570368555900597,0.25653279233647486,3871,39.96280030999742
0.2576453134259805,0.2554184060591984,3567,39.96972245584525
0.243260449999422,0.2425833719017416,2551,39.97177577420619
0.2550040714702198,0.25384293068589386,4451,39.978431813075716
0.2119723419693261,0.2097166278695128,3180,39.98490566037736
0.24990067435116983,0.24751507017277222,3230,39.98142414860681
0.2544970469877433,0.2523007707591984,2870,40.00139372822299
0.24766115652813558,0.2447330137202392,2534,39.98579321231255
0.25263309053291616,0.25107150923649757,4661,39.97682900665093
0.2522073719923043,0.2513987726255042,2479,39.9757966922146
0.2506191330251078,0.25007902572267626,3667,39.97709299154622
0.23885768865709917,0.23705119647815767,4359,39.997247075017206
0.08888183421870832,0.0849519285591713,1521,39.94477317554241
0.25193308398359165,0.2506819896438001,3569,39.979826281871674
0.23733059206402157,0.23388557527129633,2710,39.99114391143912
0.24123048563866972,0.23388485125883662,1237,39.99029911075182
0.19949740711352512,0.19746096948644587,2347,39.989774179804
0.25067083142456315,0.24968763745169487,4282,39.97758056982718
0.2442410482091691,0.2422087541238494,2921,39.98356727148237
0.24161964774558756,0.2417594669485761,3781,39.98095741867231
0.2518489460132379,0.2507097984842758,4008,39.98502994011976
0.25296672675070164,0.24903995130189727,3661,39.98688882818902
0.14770341872014145,0.14633264913661806,2177,39.97795130914102
0.2521179797088208,0.24955873505610238,2022,39.98813056379822
0.2321653257870498,0.2313282024047736,3480,39.99655172413793
0.24924621079474707,0.24730136350075504,4117,39.991255768763665
0.22676931330307973,0.2248349424406666,3928,39.990835030549896
0.2211914578716623,0.22090206275382296,3318,39.983122362869196
0.25064962644132716,0.24806731109195876,3964,40.0
0.21965018787312238,0.2167915928158105,3795,40.00210803689065
0.23790697470317518,0.23577633616617721,3925,39.990828025477704
0.25222833579668785,0.2491799853959872,2522,39.985725614591594
0.2356749022599563,0.23489561448493718,3800,40.0
0.24358749841659688,0.24174425768001043,3661,39.99781480469817
0.2515754501147449,0.2508029592951261,3143,40.002545338848236
0.40661181037057675,0.38866868022881634,74,40.91891891891892
0.09976802106841422,0.09943458871104467,2579,39.98604110120202
0.15821613392244527,0.15787287239766526,4795,39.99249217935349
0.17797783113365767,0.17652717608048646,3371,39.99288045090478
0.053858564122798505,0.05038229673688081,929,40.0
0.10703211387491353,0.10654331808641877,1157,39.94122731201383
0.258720571657441,0.25879760314570005,1799,39.98888271261812
0.2771263207377615,0.2659270462200791,685,39.894890510948905
0.2432674624314172,0.24111754482124223,3568,39.983183856502244
0.25228712754264554,0.25305940403957633,3450,39.958260869565216
0.2318790331832871,0.23036365046967688,2725,39.964770642201835
0.183111345736479,0.18325578676144164,2688,39.955357142857146
0.22990622106222544,0.2309960576890621,2749,39.981084030556566
0.23844267396160676,0.23747978624582744,4127,39.98933850254422
0.258038147737809,0.2661049669570702,1170,39.894017094017094
0.24522938323129145,0.24531859080662666,3712,39.988146551724135
0.24287411366368028,0.24236279883479242,3633,39.963666391412055
0.24519804129607498,0.24550859794949337,3289,39.93797506840985
0.14600761105067322,0.14095346636689665,990,39.92727272727273
0.25608472837172563,0.25093128307215773,1286,39.95334370139969
0.23643933255519012,0.23268837759818856,3035,39.992092257001644
0.22566473611891646,0.22778155988102394,1585,39.97476340694006
0.2440320578337875,0.24266386212166657,4030,39.99404466501241
0.24923985719880593,0.24561467062235473,2111,39.9545239223117
0.2360148813564155,0.23243442302009498,3199,39.97374179431072
0.22516688074806823,0.22383684463075845,4004,39.976023976023974
0.24258235977323792,0.23976696128621974,3459,39.98959236773634
0.22942413728314764,0.2265666056392014,3304,39.97820823244552
0.21770946695784638,0.2100783222253721,967,39.925542916235784
0.22582977282615546,0.22329700814087886,2177,39.994487827285255
0.22546966437259652,0.22348957689272136,3797,39.99051883065578
0.21126969149281877,0.20870682716535846,4548,39.98153034300792
0.2569413048597195,0.2548705069197535,2592,39.967592592592595
0.25054082210737505,0.2482785648915322,3427,39.98599358039101
0.2578176187318995,0.2541331071956862,2617,39.98165838746657
0.25212301323428005,0.24785493606539424,1579,39.92400253324889
0.26190210421479704,0.2583870655915867,3471,39.951598962834915
0.26971655765563407,0.26511377715210566,1583,39.848389134554644
0.22979928843268926,0.22783132735201217,3818,39.96856993190152
0.24150999618104912,0.23884469391701127,3688,39.99674620390456
0.24659342831585615,0.24427610184708146,4386,39.98632010943913
0.25714137282817917,0.255045778994507,3838,39.978113600833765
0.24336418236015045,0.2413818029595739,3946,40.0
0.2055996994291825,0.20388341349287809,4331,39.994458554606325
0.2128703444040065,0.2099691135569263,3930,39.98167938931298
0.2581390703010532,0.2557192006630604,4354,39.96692696371153
0.24392013291931022,0.24122064089926806,3650,39.98027397260274
0.21539041507198506,0.21367790119373783,4414,39.98096964204803
0.2364831471476344,0.23409998557919376,4164,39.997118155619596
0.25369555067469896,0.25151516626840753,3675,39.986938775510204
0.2541853021333825,0.25265866153634425,3731,39.987134816403106
0.2540450057095621,0.25299375090823156,2810,39.99572953736655
0.26101161448447224,0.25601111612950334,2300,39.97913043478261
0.2531049097336355,0.25046239601487913,2191,40.00912825193976
0.23137149328655549,0.2281243207315683,2869,39.991634715928896
0.24953439168623415,0.24726928351949695,3450,40.0
0.26088248106684914,0.2596907912247272,3619,39.94915722575297
0.2692144583370172,0.2679300113465417,1471,39.97008837525493
0.21115599645065525,0.20624335965673796,1024,39.90625
0.22152173985811818,0.21916288250309587,2914,39.93685655456417
0.24403916796864922,0.24087029728798282,3044,40.0
0.22649145730236186,0.22542667894373639,1730,40.00924855491329
0.2580588400941567,0.2533108233401887,961,39.950052029136316
0.23070159939633939,0.2000980520113339,111,39.78378378378378
0.24982368741393648,0.24421535717258958,948,39.9789029535865
0.25216276618742606,0.2525027833548772,2470,39.95627530364372
0.23923490160751326,0.23558351227297852,1905,39.99370078740157
0.2624227613359936,0.25607233241362826,1073,39.99627213420317
0.2570503933982296,0.25044854111696874,979,39.9632277834525
0.2545561614749331,0.2520971229511445,2119,39.988673902784335
0.22959021859039838,0.22768705700092992,4025,39.99105590062112
0.2548252992161559,0.2507161055097236,3427,39.975488765684275
0.24959900714643582,0.2462553095095818,2322,39.968992248062015
0.26216387596742036,0.25928130431574076,886,39.94582392776524
0.22931114424884472,0.22668771532557372,3667,39.986910280883556
0.2557913342593089,0.2559876647055107,3391,39.98466529047479
0.22881879100965044,0.2338095391988309,3618,39.99668325041459
0.2562022084420368,0.2535999684661675,3000,39.98
0.2566493152805493,0.2573799938930848,3106,39.97295556986478
0.245377687761857,0.24369073045453954,1746,39.92439862542955
0.23604273332442918,0.23783325984483786,1778,39.90551181102362
0.2536720474435164,0.25435027143082417,4004,39.952047952047955
0.25732007228304143,0.2582879764386443,4161,39.95385724585436
0.2398211763403335,0.24024853767170695,3678,39.97716150081566
0.24248182142481678,0.25023057677153554,1298,39.889060092449924
0.23819436273600808,0.2399308641247651,2901,39.933815925542916
0.2705280770384602,0.26728954472324107,937,39.93169690501601
0.25538552659753316,0.25375068230780756,2100,39.92
0.24843153443822896,0.24719378672298373,3258,39.96316758747698
0.2494229278217634,0.24675540320579312,2796,39.9656652360515
0.2401086965347581,0.2371270400382214,4007,39.97903668579985
0.2551204385098013,0.2563126775085856,4000,40.002
0.2542569487213821,0.25678823012635266,3442,39.957001743172576
0.2265774158219631,0.22557855895553064,4447,39.98380930964695
0.2031889965460721,0.2033854280082762,4268,39.980318650421744
0.2551907521694499,0.2608649762917307,2932,39.998635743519785
0.20868161507746066,0.2067037763058816,4093,39.977522599560224
0.2507484143623454,0.24875595205066647,2991,39.951855566700104
0.2495125457878321,0.24942179304352521,3414,39.99179847685999
0.2590500178175214,0.2565388273069469,1614,39.92565055762082
0.23570840894230868,0.2391674812141802,1381,39.904417089065895
0.24664528964570495,0.24546385153331482,4794,39.984981226533165
0.22271422154281667,0.2233797519808822,4673,39.97175262144233
0.311533487861527,0.31973786303834373,425,39.68
0.26932214477489275,0.26710617730673913,1095,39.93059360730594
0.25507448105140806,0.2549707665686566,2635,39.96812144212524
0.24244316448399586,0.2412213311544913,3128,39.95780051150895
0.2558882444549315,0.2542216554224615,4338,39.97233748271093
0.25447802532609876,0.25070357684744,2001,39.98200899550225
0.23919193345831963,0.23606362293051764,2530,39.938339920948614
0.2631249824875452,0.26501916773792045,2118,39.93767705382436
0.2560209690637334,0.25528465646569204,2742,39.97520058351568
0.23980265055243244,0.24027120855760287,4001,39.99400149962509
0.20084797546909916,0.19862592854767086,3520,39.98295454545455
0.212568134496223,0.20830715252195406,2037,39.97839960726559
0.21361428357500806,0.2192069968992006,3221,39.99379074821484
0.18383585077921372,0.18470112911899497,2099,39.9676036207718
0.26200566373353606,0.25448852476634787,1414,39.97171145685997
0.22920378218469142,0.22747637344548344,1597,39.962429555416406
0.23338071860227494,0.23479590960536018,2045,39.95892420537897
0.18459271117151158,0.18340093581094452,1124,39.8932384341637
0.251519071377831,0.24883126445346196,2438,40.00656275635767
0.2177156296263786,0.21634580768787584,3847,40.0041590850013
0.2543024241008189,0.2533938943198669,2611,39.98927613941019
0.25358690169984793,0.2522049542275315,2996,39.967957276368494
0.2559183251738021,0.25869282324527354,674,39.910979228486646
0.2460517642206581,0.24617059189100868,4550,39.9789010989011
0.179968332923423,0.17939243767015947,1580,40.037974683544306
0.20203691683322036,0.20043431228995587,3760,39.988297872340425
0.2389091263718937,0.23799462373482455,3113,39.99871506585288
0.25438968661101374,0.25538300957434185,2192,39.987226277372265
0.2308084215878585,0.23115269384955803,2348,40.02725724020443
0.2109337985131575,0.21291643321022682,4144,40.034749034749034
0.25659941094372196,0.2523082434528706,2243,40.00713330361123
0.2515624514814478,0.24974909826716496,3264,39.97549019607843
0.19495299019345153,0.19465199479311374,4138,39.98550024166264
0.2033376556027468,0.2042853546051848,3497,39.98970546182442
0.23425277033825695,0.2303009571943253,2579,39.99534703373401
0.2020371324261072,0.20012705526120003,3814,39.996853696906136
0.2101017535437379,0.22193613711852742,1721,40.025566531086575
0.25397732974386844,0.24975600600197317,898,40.057906458797326
0.2518554605555763,0.25248888886975995,2739,39.960569550931
0.21147976323955886,0.21111283074483092,3979,39.990952500628296
0.18738837915624337,0.18486418820530331,3556,39.993250843644546
0.22833037879634738,0.22662758109018125,2367,39.97972116603295
0.20564434274340904,0.20411442410832267,4036,39.99405351833499
0.2448977706357197,0.24277004699412802,4281,39.98318149964962
0.2485529553113548,0.24661338666405597,3727,39.983901261067885
0.21063167005627081,0.21277069278947777,3757,39.987223848815546
0.18739776212818618,0.1852303550911262,2386,39.954735959765294
0.22550882411269,0.22565447165917088,3959,39.98484465774185
0.12213856876663018,0.11727385653809454,1443,39.92515592515593
0.25573805164718477,0.25413158404841835,4564,39.96844872918493
0.24584080109413758,0.2435472947819878,4443,39.98379473328832
0.2546382021938654,0.25285426197160343,4542,39.98678996036988
0.24787382328119514,0.24414990916754922,2523,40.0
0.20979334686881995,0.20752161100015803,4191,39.99427344309234
0.25585299140753887,0.25467552263967563,3915,39.97547892720306
0.2553404031341499,0.254726080526168,2194,39.96718322698268
0.1539657969931054,0.14318904792890644,416,39.88461538461539
0.24330463558043763,0.23601314119463052,1351,39.93782383419689
0.2082209319046893,0.20659228067219002,3725,39.993557046979866
0.2577312098612101,0.25674137987357176,4692,39.969309462915604
0.2516245258220045,0.2502517035729486,4093,39.982408990960174
0.20942212195337895,0.20735475859655156,2310,39.96363636363636
0.2436636085411925,0.2424946712471773,3914,39.972406745017885
0.20335055367599517,0.2028134375323293,3438,39.97207678883071
0.22443235653548968,0.22580666547767572,4078,39.973516429622364
0.24916905874996761,0.24748525302564187,1516,39.928759894459105
0.12025586602507893,0.11917717442120632,2413,39.960215499378364
0.2742675836743576,0.2613552873554122,588,39.87755102040816
0.22345039005081196,0.22151304442458114,3866,39.98448008277289
0.24584118454857526,0.25195597555000443,2473,39.94662353416903
0.2602560133238013,0.25776691492529047,2526,39.93824228028504
0.2143722933906903,0.21126268506793594,1671,39.93536804308797
0.24994379994360766,0.24925399385641536,4056,39.97041420118343
0.21684681437081368,0.21036054718920025,424,39.83018867924528
0.15941395081473647,0.12939634311585835,240,39.8
0.26528676483713654,0.258515137395683,1320,39.91818181818182
0.24845725077862035,0.24638376281321875,1244,39.961414790996784
0.2279290741221123,0.22666924309828945,2040,39.962745098039214
0.19320102864987682,0.18999618220698605,2780,39.98273381294964
0.20546281790844553,0.20365793199213258,4044,39.97626112759644
0.27926893043387385,0.27990738610375143,1449,39.95031055900621
0.26816133719611635,0.2653047605375886,2643,39.90919409761634
0.19338862950057134,0.19246809207449395,4383,39.99543691535478
0.2403550948871746,0.23981019847508883,3114,39.95375722543353
0.26797403052639635,0.27039102944954835,1129,39.85828166519043
0.23542105672837432,0.22581462736389507,752,40.005319148936174
0.25236319999340173,0.24672230580949722,1144,39.98951048951049
0.24299380394832104,0.24005865218824923,1623,39.98521256931608
0.25295858367091456,0.25513565556236784,3378,39.9692125518058
0.25267328311027193,0.2564795735073313,3370,40.0379821958457
0.3032216170736312,0.3460488481870857,994,40.37826961770624
0.205383464083182,0.20348417002291505,4317,39.98054204308548
0.24760748858303983,0.2552726442264449,3489,39.989681857265694
0.25196534519887986,0.25093216294106907,1008,40.023809523809526
0.2413748174200655,0.23844526519420098,1756,39.96583143507973
0.2433038047728311,0.23774276865038746,1532,39.992167101827675
0.25130459331121047,0.2503974213822686,2758,39.96954314720812
0.2575913381961364,0.25261655783157455,1880,39.99148936170213
0.13183542875691406,0.1303479667681371,2652,39.977375565610856
0.2351730775616739,0.2347108500033275,2250,39.937777777777775
0.2572273547537545,0.25620925879313317,2156,39.96103896103896
0.05621514167100557,0.05675924752744682,2832,39.96610169491525
0.25719621289991434,0.25560074176625425,4710,39.99065817409767
0.24518656619780624,0.25442567469212196,3019,40.02517389864193
0.24105830159595812,0.2387604123944072,3282,39.97440585009141
0.26779038557314994,0.2963603887478108,409,39.872860635696824
0.3795694167520493,0.42436735777020484,88,39.63636363636363
0.4212794834148589,0.4212794834148589,23,35.47826086956522
0.4731017796482192,0.4731017796482192,19,36.0
0.29708440077898257,0.3094799284902381,2714,39.92925571112749
0.2624207920153345,0.2598485334050645,3033,39.960435212660734
0.2536640081477508,0.25033115818017204,3640,39.97692307692308
0.24758113295137169,0.2443054201927022,2892,39.95850622406639
0.24627412073118674,0.2451906425651902,2498,39.956765412329865
0.25911457436032764,0.25689679119840503,3111,39.96142719382835
0.25830673898800277,0.25654505749865464,2682,39.950782997762865
0.23833473675208128,0.23562422452692344,2700,39.98222222222222
0.2205812867892766,0.21819765497753424,2177,39.972439136426274
0.24917935547018608,0.2500491045003026,3087,39.965014577259474
0.25461499322768777,0.2557490442935724,3687,39.957689178193654
0.2360226724757568,0.23555292028588165,4929,39.99026171637249
0.2549782042038827,0.25215471440665976,3646,39.976961053208996
0.2462852595885754,0.2450655574614562,4637,39.98964847962044
0.2556340512364546,0.25566304386345623,4653,39.963894261766605
0.2266604636570763,0.2236023845356987,2627,39.96802436239056
0.25123963054241283,0.24838823777088956,3675,39.986938775510204
0.2505376099871816,0.24786110135659503,1854,39.94822006472492
0.2316196185072103,0.22823142473163816,3393,39.97170645446508
0.21832175752284577,0.2161976784358971,3439,39.979063681302705
0.2506482953059215,0.2484953166423769,3812,39.990556138509966
0.24350155279410526,0.2399450973489075,3953,39.99392866177587
0.2265388661297396,0.2273621274631204,3617,39.986729333701966
0.24198299972876208,0.23941807629018572,3342,39.974865350089765
0.2512392657333203,0.2500668714121091,4945,39.99514661274014
0.24989626485548797,0.24882509344033843,4755,39.98233438485804
0.25463473230527284,0.2518673154304878,2833,39.99576420755383
0.25365551304780065,0.25158817930687605,5210,39.983877159309024
0.21352260373251067,0.21140779281036792,3442,39.99651365485183
0.2220665088411467,0.22008474123639152,5026,39.99761241543971
0.24759871795910615,0.24601035938762988,3630,39.97685950413223
0.22525159811922268,0.22362060981653553,4774,39.989945538332634
0.22964651521212487,0.22774849373353448,3993,39.97595792637115
0.2528451517294714,0.2528416889807735,4702,39.98468736707784
0.2228274404838224,0.22244168626384148,4213,39.98575836695941
0.24908841160072775,0.24795641886906444,4762,39.99244015119697
0.2296920230107567,0.22752884606400509,3888,39.99074074074074
0.2297340457510666,0.22696146511404836,3432,39.98951048951049
0.2484378989739785,0.246179284013695,4826,39.995026937422296
0.21502405383972786,0.21259502245954998,2929,39.98770911573916
0.21378889764687548,0.21253833031347702,4232,39.98015122873346
0.21651093172266317,0.21579308980590042,4041,39.99703043801039
0.2528490537016985,0.2522884907105787,4760,39.98739495798319
0.23518706283474344,0.23549483531496576,3334,39.953209358128376
0.2575650265766458,0.25483642428140596,2826,39.99150743099788
0.2509396816963296,0.25185133866173454,2816,39.96590909090909
0.21777452329981253,0.21624088439658645,4161,39.994232155731794
0.20893839623138707,0.207187059181708,3422,39.975452951490354
0.19819470881328977,0.19588458528024577,4022,39.98806563898558
0.2290272921803057,0.22669585885873467,4204,39.98287345385347
0.22577422467860012,0.22280541076519722,3138,39.97323135755258
0.22080554851456252,0.22052955065290528,4163,39.97693970694211
0.24428559485441687,0.24235860534526782,2563,39.971907920405776
0.25330497426732224,0.2527351200502669,4576,39.98426573426573
0.20985761340191939,0.20752894691297136,4061,39.976360502339325
0.23014483064510338,0.22967178227697904,3432,39.96503496503497
0.2436934067873208,0.2402994964322985,2065,39.96125907990315
0.2565172385005565,0.2544281739253388,3431,39.9685222967065
0.242011712677004,0.24127245850364526,2982,39.98390342052314
0.25935128570510185,0.2540677454403684,1144,39.93706293706294
0.22654819231165652,0.22617222049816527,2921,39.967134542964736
0.25022133985804734,0.24195269525198504,1454,40.0
0.25880919394529034,0.2545843755368637,1290,39.95348837209303
0.15059282806713473,0.14320700101967843,324,39.7037037037037
0.25495330210872813,0.25272158590862565,2344,39.974402730375424
0.25395853341480845,0.2512424102527663,3330,39.97117117117117
0.24720959166557954,0.2443424569835587,3441,39.99302528334786
0.2596808668968968,0.2499499041027865,840,39.94285714285714
0.24912205332758844,0.2451753009223326,1281,40.00624512099922
0.24906389853449384,0.2601206196672981,1154,40.08318890814558
0.21276197537449798,0.2137914781909115,3654,39.99671592775041
0.2614621120355788,0.2587382036952321,1371,39.92997811816193
0.22543032524926787,0.2235016553295038,3916,39.98161389172625
0.25527369868863004,0.25098327465526304,1633,39.9216166564605
0.2561536094333135,0.2537023002505056,1016,39.90551181102362
0.25769997307964704,0.2530809495049244,3100,39.965161290322584
0.25404776021897707,0.25091573375781884,3170,39.97350157728707
0.25132360022678124,0.24955062788262625,517,39.86073500967118
0.25837021553840933,0.2557707523878294,1666,39.9639855942377
0.2547013828080682,0.25503160614676706,1315,39.94524714828897
0.20118680363097957,0.19963272509213437,3209,39.99252103459021
0.23584218511655838,0.23322467210829326,3115,39.98459069020867
0.24474697911471785,0.2430078761580465,3288,39.996350364963504
0.23438421486558725,0.23125069858560104,3013,39.9840690341852
0.23133586122545172,0.23080205632031967,3012,39.96812749003984
0.014008730626680573,0.019479154870864213,1414,39.923620933521924
0.0049652525542894805,0.005912182142441422,3487,39.97935187840551
0.047374630636923855,0.04641641989532917,4217,39.98292625088926
0.21467695337602966,0.2201077852814194,2256,39.976950354609926
0.10890156475457849,0.11569141535077607,2455,39.99348268839104
0.023552688713296098,0.040083601833588035,1018,39.94499017681729
0.07887618179138503,0.07887618179138503,253,39.715415019762844
0.01935224154964934,0.01935224154964934,725,39.95034482758621
0.006137805423253736,0.006137805423253736,3364,39.97859690844233
0.008463139417021568,0.010043661045549043,1957,39.97138477261114
0.24718628305741447,0.23984144151018408,1095,39.97808219178082
0.2660573967366365,0.2626587416394902,1026,39.88304093567251
0.021808956279964986,0.021808956279964986,721,39.916782246879336
0.015967408891777925,0.015967408891777925,1206,39.950248756218905
0.008017143094318195,0.010275870551387043,3914,39.95707715891671
0.01712533684253295,0.01946103491193125,1255,39.90438247011952
0.005642579292247043,0.006474666351462177,4031,39.982138427189284
0.00748567758378082,0.00748567758378082,2663,39.977469019902365
0.27504676025359975,0.26416370125953337,904,40.0
0.2182915782954148,0.21693149956426208,2265,39.962913907284765
0.03551129971308962,0.0428671897858062,666,39.85585585585586
0.01409952485872262,0.023726149488571956,972,39.93004115226338
0.007310325548667806,0.008691751283427793,4558,39.965774462483544
0.01043961187042093,0.01043961187042093,2625,39.968
0.005620188401047104,0.007603425356767719,3026,39.976206212822206
0.1609408908168435,0.16311839220816304,1272,39.9559748427673
0.2633647336199621,0.2550849274800805,759,39.8102766798419
0.03722495571555903,0.04497826003295885,626,39.78913738019169
0.009137223276507608,0.009137223276507608,3369,39.97506678539626
0.010815178609555578,0.010815178609555578,4778,39.97488488907493
0.013282485508674773,0.013282485508674773,2881,39.9583477959042
0.009009425936052768,0.009009425936052768,2555,39.993737769080234
0.008690511000735163,0.008690511000735163,4060,39.98226600985222
0.2500676013592783,0.24941145723671668,4927,39.99431702861782
0.19795401962663903,0.2001848759849543,3887,40.003087213789556
0.009347241481159528,0.01251649319405732,2657,39.978923598042904
0.00976739410155706,0.01522949178265538,2834,39.984474241354974
0.010108125389897457,0.010922417335011696,4129,39.96899975781061
0.009883813103999547,0.019360997488962275,3219,40.02236719478099
0.007412549153184715,0.010078121895784515,3240,39.97901234567901
0.12642724284019727,0.12415984384547919,3476,39.97238204833142
0.24571439241775947,0.24399593209591006,4652,39.99484092863285
0.01235701988900803,0.015633821124519567,3409,39.969492519800525
0.008649005466648306,0.008649005466648306,4424,39.96473779385172
0.0111682140661827,0.012878043868319713,3580,39.953072625698326
0.0077177053374598015,0.009903108806782907,4064,39.99015748031496
0.011166492079568685,0.015307168825063285,3255,39.95821812596006
0.01832228674189223,0.018862360509097023,3641,39.97363361713815
0.23183134184827023,0.23269799800854632,4015,39.99900373599004
0.11427225462479283,0.11584590493801596,4889,39.972182450398854
0.26016044026171214,0.25758511920603444,4682,39.97436992738146
0.23185491740719397,0.23146238221583487,4361,39.97523503783536
0.25370143442662363,0.25364906258081266,4175,39.96934131736527
0.25874362008014645,0.2582401350616684,4540,39.989427312775334
0.25390758367691435,0.25220173132987594,4165,39.97695078031212
0.25803515943091543,0.25652124296531764,2749,39.94761731538741
0.22665007295487105,0.22410869415952545,3776,39.980932203389834
0.2555550784505806,0.2549752162708743,3588,39.94648829431438
0.2583121328039747,0.2615729724908473,3130,40.020447284345046
0.16065955634041362,0.1563659409254377,1219,39.94093519278097
0.23537323713890684,0.23592126041816755,2987,39.959825912286576
0.2216196124231548,0.22030235724745384,4047,39.988139362490735
0.23651061132741152,0.23327750595795738,2248,39.95195729537367
0.2466653528694291,0.24078834951170144,752,39.888297872340424
0.23852525185563284,0.2362140521842372,1301,39.90776325903151
0.21507263239774105,0.21435910400907018,4200,39.96857142857143
0.22338562085464891,0.21919399617208013,1500,39.93066666666667
0.20974840203710987,0.2078888409123827,3947,39.98479858120091
0.2551763740694656,0.2552042002476226,5190,40.00077071290944
0.2551609605344467,0.2536069754845056,4792,39.98580968280467
0.19999613317015624,0.19824537509994808,4171,39.97410692879406
0.2589894850520129,0.2642226288881366,4489,40.05524615727334
0.30421581166342204,0.3026971306029082,531,40.037664783427495
0.20871867478087563,0.2090434972568203,2483,39.97100281917036
0.2058579110741351,0.2048231995728761,2594,39.97224363916731
0.2581069964621274,0.25274337894154114,1316,39.954407294832826
0.2256847139218475,0.22600857495853027,3775,39.968211920529804
0.2153075298017876,0.2145496837415679,2453,39.98043212392988
0.21303696494909116,0.21450371783039854,2096,39.954198473282446
0.20963687289454006,0.2079278216198727,1371,40.00875273522976
0.21950172842528598,0.2170212579321084,3786,40.009508716323296
0.2560280635833656,0.2535834401981236,441,40.02721088435374
0.23767954809070302,0.23784613265092902,3187,39.97866331973643
0.22558682187880835,0.22607763592936597,1528,39.99738219895288
0.6007767920907028,0.5754699218524638,24,40.333333333333336
0.6009460596429111,0.6009460596429111,23,36.34782608695652
0.4244779964580474,0.46185588449906434,68,38.411764705882355
0.2551659408903305,0.2657879077716512,1199,40.01000834028357
0.19610147263436123,0.19622110596175624,2000,39.928
0.017031156451330055,0.017031156451330055,369,39.90243902439025
0.1857483351203677,0.1857483351203677,48,39.25
0.2456704331060697,0.21310129466236966,180,39.666666666666664
0.10304699338677842,0.1294887367569721,97,39.75257731958763
0.007384438843480151,0.008840107021980159,2148,39.960893854748605
0.004263750054026432,0.006410111258280729,4149,39.98553868402025
0.012162178366077707,0.012162178366077707,1457,39.96705559368566
0.07456277886063598,0.07355402462486027,1186,39.93929173693086
0.2518201667108946,0.24823748189916792,2129,39.97745420385157
0.14918694148238174,0.145709716735507,2195,39.967198177676536
0.004130986142719833,0.004130986142719833,4335,39.98615916955017
0.005587524897199811,0.005587524897199811,3578,39.98323085522638
0.005648243756356855,0.006583919786381598,3534,39.9830220713073
0.16739901072434005,0.16217989448129266,655,39.95114503816794
0.25269055644108995,0.2505043673868269,2422,39.9851362510322
0.009146427962814417,0.014283359644833507,2029,39.94874322326269
0.010946057876456297,0.011720103850155058,4370,39.97162471395881
0.006608498574962717,0.006608498574962717,3071,39.980462390100946
0.0047778171695207015,0.0047778171695207015,4279,39.98878242580042
0.23538429548292625,0.23258333003277654,3431,39.979014864471
0.22790944921984096,0.22571597407791627,3386,39.98582398109864
0.18892356098728846,0.18880465808302702,3132,40.00127713920817
0.2154083873949599,0.2164622699476756,3598,39.95775430794886
0.24412381868133448,0.24420344473306452,4253,39.97742769809546
0.2569345709956639,0.2583807385334499,4134,40.01064344460571
0.23388826258024306,0.23259959249836573,4228,39.98580889309366
0.2551779208896122,0.25779531961699237,4915,39.99023397761953
0.2551480767666525,0.2551583280662631,4159,39.97114691031498
0.25589659102021217,0.2529444168201709,3448,39.97911832946636
0.2529698797660509,0.25061851156676773,4436,39.98376916140667
0.25304423842743906,0.2530456100543109,3628,39.99338478500551
0.24840163851786895,0.24783076550341007,4236,39.977337110481585
0.20931949392262758,0.20940377044457545,4471,39.994632073361664
0.25606940248998233,0.2571018624859451,4625,39.99827027027027
0.2535613278815733,0.2516367349115086,4185,39.98853046594982
0.25275253497637534,0.2510644039853172,4518,39.97609561752988
0.2554098692396863,0.25491959434565725,5029,39.97136607675482
0.24374354732037315,0.24241668867580818,4152,39.98843930635838
0.25169891758833196,0.2490659543262806,4804,39.99000832639467
0.227064740217848,0.2251723319616289,3992,39.97294589178357
0.2538815778568914,0.2527179123121518,5027,39.992838671175654
0.2500794563398294,0.24862397356113675,3796,39.97787144362487
0.2546517603633658,0.2515878922395979,4197,39.994281629735525
0.22074495397330213,0.22097671274750974,4423,39.97106036626724
0.21334677582071032,0.21214862810860993,4435,39.989177001127395
0.21875111798195246,0.21911804003123392,3791,39.9620152993933
0.23866466074432388,0.23876270756799536,4520,39.991150442477874
0.249011786605211,0.24744464194718843,3460,39.982658959537574
0.24667335377887928,0.24726164995454283,5059,39.9794425775845
0.25691445852291656,0.25369844041576833,3872,39.981404958677686
0.22369566964460272,0.22064643867873904,3774,39.98410174880763
0.23155278192523146,0.23180586656408103,4405,39.97820658342792
0.2658707437646954,0.263003214220554,1411,39.91495393338058
0.22169910797991557,0.21892842690084754,4203,39.962883654532476
0.05090301467130542,0.05047632537526317,3202,39.977514053716426
0.01096332552850892,0.012535856636592686,1968,39.96951219512195
0.1411179375711991,0.17133103447215847,179,40.44692737430167
0.21386027524524667,0.21204824590205482,3279,39.968283013113755
0.1903171946656972,0.20815693399832352,308,39.81818181818182
0.010176763470554559,0.011159206235536057,3345,39.95695067264574
0.0256703901262287,0.0256703901262287,1074,39.899441340782126
0.01579462170425717,0.01579462170425717,765,39.95294117647059
0.008351259294994374,0.009379600967044007,3178,39.966016362492134
0.009357667871778217,0.009357667871778217,4055,39.974352651048086
0.04465185883295359,0.049365369564098587,559,39.80679785330948
0.2563035214519988,0.25631584153088205,3846,39.98231929277171
0.12137142218113045,0.12159579633589553,3461,39.958393527882116
0.008551776375014801,0.01079186686731445,3951,39.95444191343964
0.04894109295167721,0.06020651996688719,402,39.82089552238806
0.005947022424791525,0.005947022424791525,2992,39.98395721925134
0.009789928259756777,0.009789928259756777,2279,39.98420359806933
0.021137304104451447,0.021137304104451447,1168,39.95890410958904
0.03995700745837348,0.045711659375545326,598,39.779264214046826
0.48867148673658894,0.43679179932673345,18,39.55555555555556
0.21127660378186952,0.21127660378186952,26,38.15384615384615
0.016668255118813705,0.016668255118813705,1007,39.95233366434955
0.009189471671754566,0.009189471671754566,2018,39.9583746283449
0.009455939112595214,0.010353555579170164,3702,39.994597514856835
0.0085516322542694,0.01099344345676088,3581,39.963138788048035
0.00633457598465491,0.007539122588580011,2660,39.97894736842105
0.2345877439772281,0.2370880097241931,1999,39.977988994497245
0.09867941226432986,0.10236270603266925,4168,39.97696737044146
0.015847527900178026,0.02886318077687961,3904,40.08606557377049
0.0063022176449977225,0.00709925625294186,4230,40.01229314420804
0.010746587303718476,0.011558752152707281,4141,39.967157691378894
0.18976702487308322,0.20334788550607366,3788,40.0960929250264
0.24974435340404771,0.27326805056361614,523,40.09177820267686
0.22284045301495345,0.21979103340188594,2258,39.984056687333926
0.24464170515156908,0.23271796021192712,702,39.914529914529915
0.20896034941740915,0.20545920996737968,3744,39.98397435897436
0.22315274549059277,0.23000255057531382,2312,39.98961937716263
0.20707122918155552,0.20569549514475913,3057,39.97121360811253
0.21704100428879086,0.21414401598271848,3946,39.97263051191079
0.5735685167982154,0.5584994769597069,19,38.73684210526316
0.24070282913878763,0.2428282001113126,1194,40.006700167504185
0.2245080623682168,0.22244293086556577,1273,39.956009426551454
0.4592867435007764,0.5447915479556567,44,39.36363636363637
0.005304852178290256,0.006153125894714426,3945,39.98479087452471
0.48282382005821867,0.48282382005821867,19,34.94736842105263
0.26251021433954524,0.27852290342907754,1960,40.04489795918367
0.22095429179976533,0.22174446362132227,4400,39.99
0.2113993163587393,0.22109856560352042,341,39.941348973607035
0.3480483449228004,0.3591124470106011,62,37.87096774193548
0.42918019203175095,0.42918019203175095,35,38.628571428571426
0.37401647788596326,0.37401647788596326,51,36.0
0.4989452119771052,0.4989452119771052,23,31.130434782608695
0.21966502426153364,0.2179854411404608,2223,39.96761133603239
0.3899906149500651,0.3495744066489184,152,39.18421052631579
0.4761603849121706,0.5128028469506843,34,38.94117647058823
0.40872978926273473,0.3792287665551299,55,36.945454545454545
0.3883236724118431,0.3883236724118431,45,36.53333333333333
0.3901002567371368,0.42649923249487653,42,36.38095238095238
0.34130356525226546,0.34130356525226546,56,36.785714285714285
0.4753632602675655,0.516380730648052,31,35.87096774193548
0.4814917629194812,0.45190812399036484,35,37.94285714285714
0.2491961015037204,0.24805387378325158,3476,39.97238204833142
0.25063051571935135,0.24948394233251137,3040,39.92894736842105
0.23821564931824896,0.23658939938259427,3205,39.95507020280811
0.2157366614733005,0.21209212140474487,3599,39.97332592386774
0.2503133515024561,0.24656014976291207,2046,39.92375366568915
0.24171387620049486,0.23924604845860917,1449,39.96135265700483
0.2109631486424483,0.2111664717587545,3883,39.97527684779809
0.20683600360446933,0.2036491666303455,4138,39.98840019333011
0.2587767039804977,0.2574150166170973,3234,39.95918367346939
0.24734718214202905,0.2437164601466943,3235,39.99381761978362
0.23457321607738685,0.23019302907846922,2304,39.942708333333336
0.24207139644889591,0.23900503669257228,2322,39.979328165374675
0.2555938746375011,0.2562721582503899,3963,39.97678526368912
0.24702607235348711,0.25084910193911836,1197,39.93984962406015
0.22347756319312764,0.22308046240118207,4013,39.976077747321206
0.2669049853658603,0.2706248584748253,1163,40.08942390369734
0.21664835404717642,0.21517164496148894,2623,39.97407548608464
0.24315980833822476,0.24087192155262105,3619,39.963525835866264
0.2224659846051016,0.22156222624604363,4021,39.96717234518776
0.2387852584218647,0.2369369939577031,3043,39.940847847518896
0.25599550810992616,0.25363693240931623,3252,39.944649446494466
0.21065409715283367,0.2088705134932269,4171,39.99136897626469
0.2703366853228876,0.26448540271981247,1124,39.92526690391459
0.20178014815332182,0.19905541227532839,4113,39.97763189885728
0.2493624651755479,0.24653339648514389,4317,39.97127634931665
0.26072514891429477,0.25808401374003304,2955,39.95532994923858
0.2390315642053496,0.23672323225067893,2657,39.94128716597667
0.2083501785935167,0.20629578715866084,3501,39.96229648671808
0.25411158115980154,0.2558345376003424,2850,40.04491228070175
0.2542214268575202,0.251509329759302,3739,39.980743514308635
0.2648870790941566,0.26089511650997427,1791,39.9463986599665
0.2415211494741085,0.23759519138247678,1704,39.971830985915496
0.2431659748597598,0.24501818833074832,2832,40.03813559322034
0.2443538655890941,0.24182820118136822,3373,39.98339756892974
0.2452776843379912,0.24829424726324156,399,39.88972431077694
0.2163589850471153,0.21227861767610265,1548,39.93798449612403
0.23645412107438094,0.234688333273277,4417,39.98460493547657
0.2623086955540407,0.2570212038291857,2223,39.95501574448943
0.2611761467981082,0.25193408264720596,1162,39.93803786574871
0.21760934133565019,0.21527792642237426,4082,39.97060264576188
0.2589337008548633,0.2582133620157959,2804,39.972895863052784
0.23779566606616212,0.23414622766265492,3747,39.98612223111823
0.2926945972603149,0.29133445644600986,1023,40.01955034213099
0.2368618517968968,0.22447608531457489,478,39.80753138075314
0.28222955338344174,0.27106058406926703,696,39.827586206896555
0.20635826687110326,0.2045628854368563,4080,39.97352941176471
0.2654106689389764,0.26239506389734185,3427,40.02684563758389
0.24102366536024947,0.23960673710435365,2913,40.01922416752489
0.21833585727913474,0.21643143213062693,3883,40.00206026268349
0.22051679303529736,0.21851664859573228,3694,39.983757444504604
0.22865663464788993,0.22725227935897863,1879,39.980840872804684
0.22909517012330324,0.22634144975510065,4185,40.00669056152927
0.26237028802358164,0.2566721132364852,2265,40.00883002207505
0.25850362734114846,0.25554187435461717,3420,39.98479532163743
0.27520040873361473,0.262766855531901,564,39.787234042553195
0.3201432486964815,0.3005871841287615,362,39.84530386740332
0.24792398940563964,0.2468352956661319,2631,39.97263397947548
0.2378188196246428,0.23521982975449762,4683,39.99829169335896
0.2553244936474795,0.25368212016233127,4651,39.98537948828209
0.22067561362015078,0.2183718905390249,3151,39.98095842589654
0.2675510883342205,0.2651300282434121,3238,40.02100061766522
0.289713428280252,0.28408338521245313,714,39.82072829131653
0.2546691056512129,0.2483881801897816,1680,39.957142857142856
0.2599474463669086,0.2567809795707867,2357,39.98133220195163
0.25339046663759274,0.24948487011296633,2573,39.96890788962301
0.20865223127555332,0.20640984005324878,2108,39.97153700189753
0.2500274200647273,0.24672296323278547,2160,39.955555555555556
0.25585365301375346,0.2539419133446863,2879,39.99583188607155
0.24961499014122965,0.2483198591748215,4330,39.980600461893765
0.2498561199943236,0.24670501742488374,3831,39.97285304098147
0.25543759630009344,0.25271044014138705,3725,39.98389261744966
0.237865619708134,0.2353662712830141,2945,39.975551782682516
0.24742559966190047,0.2446924886876556,3910,39.98772378516624
0.2609631604332575,0.2585973945127034,3285,39.974429223744295
0.2594715065185978,0.2577689145094255,3315,39.972247360482655
0.23916064810059276,0.23916064810059276,3609,39.99667497921862
0.25412044096156494,0.25180167919348134,3376,39.98933649289099
0.2516057387828923,0.24916195834976512,4195,39.979976162097735
0.25606500771897384,0.2518474199111598,2326,39.953568357695616
0.2447006566815832,0.24226304421509393,3101,39.98452112221864
0.27245715198984105,0.272522615971303,2712,39.974926253687315
0.27510368123901646,0.2808078622687934,3382,39.99408633944412
0.23218156431981032,0.23186715242837339,2609,39.9632042928325
0.21344788525354866,0.21305087115222962,3476,39.97238204833142
0.2597718084850651,0.26771246095473705,2019,39.9544328875681
0.4207344412761168,0.4276109233342323,173,39.79190751445087
0.23567551458414196,0.23793441228134476,3602,39.92337590227651
0.3209407420137548,0.3281755658473675,733,39.956343792633014
0.25059076010750375,0.25328643391833877,2635,39.96508538899431
0.23533540306750855,0.23225346984887432,2386,39.94132439228835
0.2461021561534642,0.24467747750222013,3816,39.959119496855344
0.25585163531490634,0.25537045533846514,4286,39.94587027531498
0.262622929029633,0.26117376346328175,3387,39.95157956894006
0.2666520874476942,0.26144974590783876,1814,39.90077177508269
0.22090186157517927,0.21136275143370947,413,40.04842615012107
0.5391067555734159,0.5391067555734159,54,42.44444444444444
0.26525525391003246,0.2637324492743626,1839,39.95867319195215
0.23387134906317703,0.23247861338672926,2964,39.94736842105263
0.2320450513316921,0.2308193436561581,2812,39.940256045519206
0.25536624190322904,0.25237294631418555,3469,39.98616315941194
0.2553419614042507,0.2553321794295481,2462,39.97562956945573
0.23498641282641106,0.23098835074620996,3344,39.964114832535884
0.2376876132897781,0.23534905150837127,4229,39.97162449751714
0.2539941471409482,0.2518878323451873,3680,39.958695652173915
0.2499696019720457,0.258401603427007,1913,40.0292733925771
0.25644003534307963,0.25347392584239425,3348,39.97849462365591
0.24157861701454503,0.23945965111408993,3580,39.97094972067039
0.23067955819742839,0.22569079582315363,2093,39.93119923554706
0.25854513486580954,0.25557317629217396,2548,39.967032967032964
0.2599594597113967,0.25716975582310386,2736,39.96491228070175
0.26372012449412147,0.26290758889918764,1384,39.921965317919074
0.24832526219586631,0.24931217781028997,1504,40.01063829787234
0.2346624111396105,0.2331850882768668,2780,39.958273381294966
0.24056510467929756,0.23733210850626613,3628,39.96361631753032
0.21598666642908393,0.21357498730795635,2928,39.967213114754095
0.2545415821755671,0.2529207203287397,3538,39.967213114754095
0.23178055537752318,0.23050707064318138,4249,39.97175806072017
0.25255103244758753,0.25077883679584867,4602,39.986962190352024
0.2546229492781023,0.2535523173889729,2721,39.98235942668137
0.24719368752716903,0.2450712235489653,3652,39.983570646221246
0.25669893867427307,0.2559746936539576,4306,39.96934509986066
0.23917715429579833,0.2378952529403506,3381,39.98698609878734
0.24505515481636087,0.24205145390978605,4019,39.9771087335158
0.26092742437062777,0.2593501848033247,3542,39.952569169960476
0.2199151304133782,0.21805635064066617,4032,39.98511904761905
0.28827366498184226,0.28397112362296484,731,40.00547195622435
0.26163004993253003,0.26053974262469803,2288,39.9493006993007
0.2648150780505381,0.2624517638792912,1960,39.92857142857143
0.2599801321576388,0.25852143804411376,1869,39.897271268057786
0.23184037828467952,0.2297711383940099,3627,39.98014888337469
0.2577855717258505,0.253738712734982,3493,39.98625823074721
0.23353554533568768,0.23162564422531545,2632,40.02279635258358
0.2586493370923686,0.25721723816412767,3925,39.96942675159236
0.2359183427333432,0.23621352327498796,2971,39.98249747559744
0.23365401659086385,0.23379998695869603,3932,39.98677517802645
0.26341488923784,0.2637452483655599,2711,39.94983400959056
0.25792704089992186,0.2550723928186385,2684,39.97764530551416
0.24374047115582986,0.24340706676021523,4339,39.93085964507951
0.25651164344428695,0.256502405746446,3239,39.96665637542451
0.24428581227189233,0.23978638442134173,2749,39.99126955256457
0.2524433385596115,0.24820222664777242,1598,39.92490613266583
0.20054282909753599,0.19868407514771583,3850,39.94701298701299
0.24613264832007986,0.24647087696274297,3153,39.931493815413894
0.25811854958351477,0.2562494403496951,2625,39.96342857142857
0.2641966506615355,0.2627980323970149,1638,39.96336996336996
0.24195317594732083,0.24008499141336256,4138,39.96520057999033
0.2677341061114315,0.26488705245337785,2677,39.967127381397084
0.2481338377439722,0.24522015706138298,2493,39.95667870036101
0.5641119559825447,0.6022099418138551,87,40.41379310344828
0.2112896659582599,0.2136382545736133,2660,39.97744360902256
0.2572672282429557,0.2543224403445195,3440,39.98255813953488
0.24978986338234935,0.24864839957888377,4095,39.97264957264957
0.21901961008168533,0.2170995695994786,3842,39.953149401353464
0.21834112099760652,0.21638227403490323,3790,39.99050131926121
0.2645900519016402,0.26174539343566117,3558,39.93367060146149
0.2563107657850017,0.2546945311753774,4659,39.98197037990985
0.22228327141042364,0.2198173180835275,3862,39.98135680994304
0.26439403031336056,0.26523769092211696,2694,40.01633259094284
0.27380265182887775,0.2689869950093236,981,39.99184505606524
0.22054907063134085,0.20677385782674115,607,39.84184514003295
0.26194311149748145,0.25674723108757824,1304,39.92638036809816
0.226002994655769,0.2222075503445723,1717,39.91613278974956
0.26949199109147687,0.2629916056292881,1376,39.895348837209305
0.24903979373235188,0.24503044321415676,2289,39.952817824377455
0.23933392984314578,0.2370296124852394,3238,39.98517603458925
0.2598360469127375,0.2569685649256297,2705,39.97781885397412
0.26177298601290455,0.2609823384322329,2793,40.00143215180809
0.6015495832025237,0.5320542682050851,40,38.3
0.27315464795103384,0.2737150475873696,916,40.08733624454148
0.25858452162664614,0.2565242617056212,2637,39.98634812286689
0.26325146364790475,0.2606423732183158,3663,39.94867594867595
0.2618110475280648,0.25802116065058617,1891,39.93654151242729
0.23368618888907516,0.23081806703464733,806,39.925558312655085
0.4656165887918632,0.39900927087784943,63,39.04761904761905
0.2546633881599512,0.25102081008650484,1933,39.95033626487325
0.24645661339426927,0.24443105041359184,2584,39.96439628482972
0.27105682919320334,0.2681536992648225,1240,40.0
0.24376453851291874,0.24323662037947974,3393,39.98821102269378
0.24750805817961435,0.2449785541930689,2937,39.96458971739871
0.2586567433018704,0.2558569229670486,2716,39.95581737849779
0.26661174610735267,0.2626574981078475,2196,39.998178506375226
0.20886490791794263,0.20586270982101143,3719,39.98063995697768
0.24409560767328908,0.24209247925726965,3865,39.97826649417853
0.25073701686776373,0.24996593323421026,3897,39.98460354118553
0.20265615708065804,0.1961202602419867,964,40.16597510373444
0.19216679191006406,0.18567680243237167,1335,39.89213483146067
0.26129730439850535,0.2601126712672283,2504,39.94249201277955
0.21872695407242068,0.21594249209447688,4158,39.986531986531986
0.2523874817264392,0.25033999309018967,3859,39.98548846851516
0.22342054866319985,0.22159975146562164,4147,39.97395707740535
0.2231783439485907,0.21964326567675707,3144,39.969465648854964
0.2602364060409198,0.2584251522285466,2707,39.9512375323236
0.26687615996546354,0.2622808710021153,1955,39.97340153452686
0.2563067954039917,0.2539518373696518,3356,39.97854588796186
0.2545374208285536,0.2513988144875651,3291,39.97447584320875
0.2275153734321698,0.21975781707434397,1190,39.91932773109244
0.22573363163169471,0.22284995327992763,4021,39.98607311614026
0.2635221808202941,0.265516572752503,3449,40.03015366772978
0.25832614828242995,0.25938175351299925,4466,39.97581728616211
0.22873971174035093,0.22763150357369058,3833,39.96869292981999
0.21259723552159962,0.21031264391312818,4158,39.97402597402598
0.255359144928215,0.2537886824934649,3532,39.96942242355606
0.2578662596258105,0.25393517418931677,1895,39.98733509234828
0.22133351276911498,0.21910908235183302,3259,39.97054311138386
0.2568536626667457,0.2554379283933016,4035,39.97620817843866
0.25519529277717795,0.25441731759514924,4023,39.97613721103654
0.2014967811109357,0.1998125511466298,4369,39.96978713664454
0.23375201933648468,0.23152502544712497,4456,39.98922800718133
0.26111612542178775,0.2590956630518639,4088,40.01174168297456
0.21085075666878025,0.20869162622033643,4420,39.97285067873303
0.2333374726124287,0.2310381292708182,3204,39.97378277153558
0.2582054834424508,0.25507744933998144,3232,39.98638613861386
0.25607619023911615,0.24862672140777395,1220,39.90491803278689
0.2448418233122675,0.24114303406205725,3746,39.97116924719701
0.2611757073229587,0.2585892586082465,4022,39.94927896568871
0.24460134364547395,0.24079170474147485,3600,39.95
0.24462494575632948,0.24232605391877277,4386,39.981760145918834
0.27413463291547807,0.2654976147196735,1378,39.9854862119013
0.23476758650904245,0.23224002522164064,3852,39.99065420560748
0.25833745024465793,0.25576180676967,4020,39.96417910447761
0.2127466393462611,0.21143829576209433,4002,39.985007496251875
0.2478479361878341,0.24642967013690767,3851,39.962607115035055
0.25342146657599085,0.25062122184311036,3586,39.98661461238148
0.2503257453278508,0.24884379847087082,3713,39.993536224077566
0.20731142041574513,0.20348999592433586,3311,39.956508607671395
0.2891484562708683,0.27818231619203815,584,39.92465753424658
0.5233967833933567,0.4733422304821864,67,38.56716417910448
0.2231785309572893,0.228997496440456,1564,39.95907928388747
0.24660321017322553,0.24427612626748407,1097,39.97082953509572
0.20676295026520863,0.20494647731889534,4022,39.97314768771756
0.2286842591218079,0.22767451891870294,2750,39.984
0.26448590635071695,0.26037313276539803,1198,39.98330550918197
0.23937205821722118,0.2368143206126948,3819,39.97800471327572
0.1979869615348696,0.19519476443086278,3979,39.973862779592864
0.21639438328815305,0.2134324306750949,3072,39.984375
0.24392126528291996,0.24175836446580426,1786,39.955207166853306
0.21505196539428642,0.2130541314653285,3681,39.99022004889976
0.2568179594731296,0.25484292516442686,1311,39.899313501144164
0.2732399288915251,0.26830554691452974,1410,39.9177304964539
0.2656032042950701,0.2603188638382166,1333,39.927981995498875
0.2108714071230285,0.20952052418034903,1910,39.968586387434556
0.203448824281377,0.20191493779551326,3959,39.97878252083859
0.27703807025424193,0.2657194618958233,661,39.963691376701966
0.23046316256815652,0.22284343000778783,954,39.899371069182386
0.2923668224487177,0.27927531622619933,450,39.89333333333333
0.477372642584596,0.4707497380113217,38,37.473684210526315
0.645728311432792,0.6589176019440799,31,37.29032258064516
0.2631701077501208,0.25501775017448486,1084,39.94833948339483
0.20259423663002873,0.20141640501588362,4436,40.00180342651037
0.27163500502595067,0.27175071610611634,2053,40.00779347296639
0.244558621815476,0.24187439568248104,2256,39.966312056737586
0.29261310593107204,0.2706544846591973,371,39.74123989218329
0.24402323757563796,0.24064804669706463,2762,39.975380159304855
0.2675314608445626,0.2664408886499085,1762,39.90011350737798
0.26273006483479866,0.2614989490445865,1973,39.947288393309684
0.5074433839863169,0.4965660187627807,67,39.64179104477612
0.2156412149536965,0.21201905975796378,2388,39.99162479061977
0.2630704384982,0.26133138671955525,1867,39.96357793251205
0.26349675117856985,0.27035839422868135,2619,40.02749140893471
0.2755648801645132,0.25438334859457523,258,39.58139534883721
0.2642609138461877,0.26040075878952135,977,39.95087001023541
0.21289588238044127,0.20970352624624672,2786,39.96123474515434
0.2799777995632394,0.28595107648789675,469,39.991471215351815
0.2736775709599887,0.2717544211511742,952,39.865546218487395
0.2908717898515094,0.2902773447021022,512,39.7421875
0.18304954794909928,0.18083502857493047,1635,39.919266055045874
0.3471051945363335,0.3435272897546233,282,39.88652482269504
0.2468840676138535,0.24736953259379368,2642,39.963663890991675
0.24313453424200135,0.24487753515314237,4382,39.985394796896394
0.23377060845069722,0.23529429505420899,3691,40.04334868599295
0.242750563681608,0.240488607585233,4452,39.97035040431267
0.24477375606356924,0.24205831533848446,3563,39.946112826269996
0.23694533486195996,0.23425062285870846,3542,39.98080180688876
0.24204720997990276,0.23993532818901758,3578,40.00335382895472
0.2552880477792339,0.25286427090356156,3198,39.969981238273924
0.26035553295713315,0.25506778612738656,2176,39.97242647058823
0.25250949486601937,0.2514461545074863,3495,39.9519313304721
0.2277822149370307,0.22742085328830314,2983,40.0013409319477
0.24370574164965972,0.24265320971851176,4269,40.009369875849146
0.20946225476055846,0.20721914779081246,4227,39.98012775017743
0.24511842925057575,0.243851337149265,4368,39.964285714285715
0.2582485433674301,0.2546298127889196,3398,39.98234255444379
0.2723858778718091,0.2690117282979397,2838,39.97885835095138
0.22822685935971346,0.22622805978292518,3750,39.9584
0.25304215052991075,0.2511647485066586,4464,39.97849462365591
0.24296296412962554,0.2421328675798321,3469,39.96540789852983
0.25936071639919817,0.25721847337600756,3309,39.970988213961924
0.2687813323185796,0.2656703584720836,2439,39.9179991799918
0.2999603327505833,0.2973755776322203,868,39.986175115207374
0.26004134417103625,0.2600082211865222,2647,39.96826596146581
0.25582673273973167,0.25727981901165076,3359,39.974992557308724
0.2189335056609933,0.21669897713309805,4319,39.97777263255383
0.2461931158429939,0.24469015495299276,4633,39.96632851284265
0.23604153471915074,0.2345089039381167,4395,39.98634812286689
0.2558972434873023,0.2558925059831805,4589,39.976465460884725
0.213563580117874,0.21209321589795094,3485,39.972453371592536
0.22471687086520303,0.22314806983952856,3300,39.981818181818184
0.2629036280272525,0.26300578586657547,4036,39.97522299306244
0.2400907193828519,0.23932852923503473,4372,39.947849954254345
0.2601697695321963,0.259390156513999,3142,39.946530872056016
0.2497841994652217,0.24879595851717579,4357,39.97796649070461
0.25428892651244683,0.25282426974796424,5067,39.976317347542924
0.04560898288868594,0.04158931127492877,1189,39.88898233809924
0.22546360683483158,0.22258803210830133,3219,39.96644920782852
0.18544544370011057,0.1856301554290153,2737,39.97807818779686
0.2472601807492401,0.24424582555773774,3993,39.96393688955673
0.25702961277022746,0.2532850413930328,3344,39.96052631578947
0.20437690352711085,0.199384030420006,2516,39.96184419713831
0.27205555238705753,0.26512482902715695,945,39.93650793650794
0.20089313520038807,0.19928017625916083,2954,39.94719025050779
0.2532608760733228,0.24706088626352965,1879,39.93613624268228
0.2504130850397379,0.24712804712799308,2150,39.927441860465116
0.25865162889079113,0.25488653651148385,3204,39.96629213483146
0.2586306943684012,0.2552640800636109,2978,39.97582269979852
0.2496658251101246,0.24823384153654895,3857,39.98548094373866
0.25593448494842136,0.2539801713611872,2854,39.98458304134548
0.38274143387129367,0.4326442319541954,106,40.37735849056604
0.5826335530722673,0.5751042751151048,53,38.41509433962264
0.2697231054801162,0.2653872874243995,1343,39.886820551005215
0.2646481475455357,0.26361758992458095,1710,39.915789473684214
0.2574172768555802,0.255900619615902,3040,39.96052631578947
0.2583087096836339,0.25441278009761903,1904,39.955882352941174
0.2412633815140682,0.23500280844922128,1134,39.925925925925924
0.2618081945432129,0.25970253196296866,2066,39.95546950629235
0.2601588498750476,0.2568823192042682,2357,39.9439966058549
0.29033205505234744,0.28498698220288576,439,39.92710706150341
0.26692336239767767,0.2660164186160393,2247,39.939474855362704
0.2569664699053097,0.25842185275105306,751,40.031957390146474
0.272438793380953,0.2643008800783363,1020,39.90588235294118
0.24834584038134747,0.24288896282657885,1576,39.96192893401015
0.25678479009203176,0.2479918773824506,751,39.909454061251665
0.2545308406880224,0.25548522196359735,2709,39.9734219269103
0.24325846158506217,0.24123716132487433,2525,39.96673267326733
0.2502307981237487,0.24873505200787016,3672,39.99346405228758
0.2663128058995715,0.2609378551828613,1726,39.99768250289687
0.31417725935162777,0.3193701036965916,287,40.3205574912892
0.26887358378385134,0.26433686810217116,952,39.87394957983193
0.25041408101218415,0.24491620109859577,1160,39.94827586206897
0.21209748561990868,0.20303989572542294,726,39.80165289256198
0.26125142500661336,0.2571728803201545,1227,39.951100244498775
0.2735915412040936,0.2665995627617191,909,39.85478547854785
0.262378901596632,0.2596600620800962,2807,39.96437477734236
0.26373682971477536,0.25996572768289056,1864,40.01931330472103
0.32837072533613,0.32863595634024556,473,40.07610993657505
0.25306374453713953,0.2524402867315208,3246,40.0
0.255461069750663,0.25426159212059857,4905,39.97798165137615
0.2508274545087202,0.24942014495623704,3995,39.9909887359199
0.252711992667013,0.2496970731126713,4052,39.961500493583415
0.24252795234599847,0.2397911394397885,3525,39.94893617021277
0.23084448653151318,0.22843567875846732,3017,39.97215777262181
0.24172324614231883,0.23952749404492976,3454,39.979154603358424
0.2577392835316401,0.2546236656867117,4071,39.982313927781874
0.2575990243337321,0.2551497346899747,4269,39.97751229796205
0.25731699283301956,0.2559206852414328,4100,39.97073170731707
0.2410748837644527,0.2396459610132472,4135,39.99419588875453
0.24366680958878292,0.24002379572753169,3530,39.969405099150144
0.22268565913800445,0.21998882030069541,3447,39.95474325500435
0.25732085385165965,0.2541998580360187,4095,39.97069597069597
0.2575783485438165,0.25484869917053504,3705,39.96761133603239
0.2573624767679799,0.2553556019056335,5327,39.96846254927727
0.2437175649290962,0.24145164119911522,4471,39.994632073361664
0.22636969606203255,0.22437154934549958,3757,39.98402981101943
0.25615358061818316,0.25475539713575945,4097,39.9794971930681
0.23411901804886012,0.2321437729049257,3865,39.97826649417853
0.2536868977030308,0.2529797968208139,4493,39.983975072334744
0.23914499256317293,0.2370193221903771,4766,39.977339488040286
0.22726605610033332,0.22518995468115047,3602,39.980011104941696
0.25965152281404935,0.25713942464361594,5226,39.96785304247991
0.255481080985253,0.2536466959826682,4415,39.981879954699885
0.23451927229627673,0.23207641156384376,4005,39.97602996254682
0.2566124694623383,0.25383906674338397,4582,39.981667394151025
0.2145396291264601,0.2125201559590174,3612,39.96345514950166
0.2285244526262128,0.22725438509770818,4254,39.9802538787024
0.25560219680100743,0.25253200271261717,5001,39.978404319136175
0.24393771310022197,0.24265263751908323,4309,39.974936180088186
0.24755923457040566,0.2460097060589813,5240,39.9793893129771
0.2568595326875738,0.25373717045934013,4014,39.97608370702541
0.2560568566604562,0.25463125369897177,3999,39.99099774943736
0.2533536579129006,0.251645355819783,4950,39.97575757575758
0.22896430447163,0.22827834533734762,4308,39.98050139275766
0.2544227794365372,0.2530554499669517,4218,39.985775248933145
0.2296907028135088,0.22716003441188223,3261,39.99386691199019
0.2339733580212561,0.2289688510829273,1666,39.92076830732293
0.23340314313876664,0.23276926685668958,5207,39.986172460149795
0.22080720111633353,0.2180818027606218,4289,39.980415015155046
0.24449610208382003,0.2415974980381999,5033,39.976157361414664
0.2653181080061144,0.26258088189367385,2851,39.963521571378465
0.25760024970277745,0.2537570139459397,1957,39.938681655595296
0.26366479996730124,0.2579210782462668,1177,39.94902293967714
0.2564384391391572,0.2547120386420836,3196,39.981226533166456
0.24152495175281508,0.23845028616172548,3106,39.99227301996137
0.2263855959696988,0.22327958925852417,4431,39.96208530805687
0.2629450069910251,0.2581964361755007,2394,39.92982456140351
0.2565675418795208,0.25349365257949524,3227,39.96653238301828
0.23791883082979517,0.23633427811902594,3346,39.97489539748954
0.25211935647344985,0.2487229175732908,3024,39.96825396825397
0.2521941796028733,0.2500777284932437,3693,39.97725426482535
0.22684013406142634,0.22416357086425676,4450,39.99191011235955
0.2561004653850449,0.2535090928995352,3947,39.9817582974411
0.2590074084247783,0.2564117536183089,3029,39.9801914823374
0.24844848010157713,0.24563631217097823,3503,39.98743933771053
0.2477267875462478,0.24253633992826537,2071,39.94205697730565
0.21788358674949657,0.21605811314706308,4096,39.994140625
0.2559897701757618,0.25367112256628793,4532,39.98146513680494
0.2559001618357927,0.2546378594770279,3916,39.99489274770173
0.20695294959713556,0.20350215384929998,3081,39.97663096397274
0.2369375222188477,0.23424854580526486,3579,39.9731768650461
0.27257265149715143,0.2655921162499806,881,40.08626560726447
0.24980246725038227,0.24872882999619772,2662,39.96393688955673
0.44301380221855013,0.36608662466172537,48,36.75
0.23306754159091309,0.22971276302920676,2037,39.95876288659794
0.2566555498821262,0.2510227067536848,1529,39.94506213211249
0.21994813632080884,0.22145923006408808,3830,40.012532637075715
0.19961827073710986,0.1998145177711229,979,39.91419816138917
0.2262093190330512,0.23164237668868834,3804,40.07150368033649
0.37600053201641753,0.3920242218607805,481,40.83991683991684
0.21759043688385776,0.2150237249945525,2721,39.97059904446895
0.2548885313912919,0.25242972652792156,2727,39.96919691969197
0.28977156595150755,0.28614762248006,886,40.13092550790068
0.23675302755537037,0.23823675139940276,1987,40.018117765475594
0.2368083652119257,0.2333988987145206,2023,40.009886307464164
0.319274976238863,0.3187533505598539,351,40.05698005698006
0.30885588325751906,0.29571330500402365,412,39.89320388349515
0.25372837950657046,0.24639698697068924,1397,39.94846098783107
0.3072562648255096,0.27943699327843463,246,39.707317073170735
0.22912980319639206,0.22713810660102415,2515,39.9713717693837
0.24287515424562842,0.23792628370671526,2619,39.945017182130584
0.25219009314742796,0.24954768989358922,3832,39.98538622129436
0.25906413125820854,0.25566255343388694,1978,39.98179979777553
0.2497634457447544,0.24812300909589236,2720,39.96911764705882
0.2552666907591332,0.24929931217797915,1411,39.99716513111269
0.23330429736757174,0.22900857008127673,3078,39.99610136452242
0.2573430646920256,0.25507552960530466,3529,39.97619722300935
0.252212211605918,0.24874377990261673,2745,39.96939890710382
0.24867956538287908,0.24681144618268158,4202,39.96573060447406
0.25965445429532835,0.259698445818681,4428,39.968383017163504
0.2624233453376461,0.26027122700086863,1923,39.93759750390016
0.2551767193847958,0.24928960903675376,2384,39.939597315436245
0.2531435020088219,0.2510173489276606,4338,39.97325956662056
0.24560006707580165,0.24808684047626317,2988,39.9665327978581
0.2584531312604511,0.2528955029077858,1957,39.9591211037302
0.2273697253005054,0.2270211368429886,3152,39.96954314720812
0.2541903390867615,0.25277074752823503,1842,39.93702497285559
0.3063375941104259,0.3029434265394624,595,40.03361344537815
0.21748681654741317,0.21530964853624945,4445,39.97570303712036
0.2561388212785809,0.25372772618631956,4319,39.99073859689743
0.2686331581362951,0.27271788206828895,3204,40.08988764044944
0.2273596151078707,0.22555003438047955,4195,39.97711561382598
0.266761181165701,0.26423818842614893,3103,39.99871092491138
0.2473450883247413,0.24746601084021197,3186,39.98367859384808
0.23553005231630153,0.2333406080221309,3427,39.98249197548876
0.23569540982536547,0.23383203536455574,4142,39.994205697730564
0.2627673358985826,0.26560112161370625,3469,39.99077543960796
0.22254530242037007,0.2200667180069411,3845,39.965669700910276
0.23069102604532818,0.22947530221325943,4493,39.986645893612284
0.2662563132007843,0.2620041319391952,2216,39.99097472924188
0.259157849901125,0.25609971061865,2488,39.956591639871384
0.261836848329529,0.2600265792374723,2267,39.93647992942214
0.25861756679839515,0.25626627690773146,1728,39.9375
0.2619419448158231,0.2581342935307176,1902,39.99369085173502
0.261500708556177,0.2553444812406631,1802,39.97336293007769
0.19579992590039494,0.20015482168113397,643,39.98755832037325
0.22857052693480678,0.22747778382597703,2514,39.976133651551315
0.22090029198652983,0.22247307001496738,3821,40.001046846375296
0.22742871477476354,0.22520153510093652,3291,39.98055302339714
0.2508279934624491,0.24902675991259088,3822,39.974882260596544
0.2641093663509318,0.2686824252748422,1240,39.89677419354839
0.24274857195723937,0.2416714799208569,2779,39.952500899604175
0.27118903608320205,0.2654403930348114,1175,39.98978723404255
0.6504016864348672,0.5963164781375917,30,40.53333333333333
0.5095399204114882,0.5095399204114882,13,43.07692307692308
0.09930458669834605,0.08491143347907454,448,40.214285714285715
0.2556011295343719,0.25028172477329175,1784,39.93946188340807
0.2478181139223581,0.24594082464285463,3016,39.96419098143236
0.25876682548337465,0.25661787766322286,2461,39.95123933360423
0.26057428944457167,0.2582649521550605,2301,39.96870925684485
0.2488645445118069,0.24624372349563192,2837,39.966161438138876
0.25619560400925334,0.253115754088518,3203,39.95504214798626
0.261964449159247,0.25995843561267434,2687,39.94194268701154
0.2518043662366497,0.24966381351170447,2593,39.9629772464327
0.2563343917151484,0.25330911793955013,3303,39.98183469573115
0.2496146756526783,0.24760565478206067,2610,40.00766283524904
0.27279424629804877,0.2671075960748794,1415,39.99434628975265
0.2774141559878484,0.2759663005907679,1155,39.941125541125544
0.3164796322554785,0.3069527836680197,351,39.7037037037037
0.26371159119292836,0.2604580998577901,2359,39.93387028401865
0.25281331874746354,0.250535777765501,3405,39.97533039647577
0.2571062255239895,0.2538608386832835,3898,39.972293483837866
0.23018957904685286,0.2305738163351197,1634,39.94859241126071
0.24401390440741322,0.23615505861525996,1729,39.92365529207635
0.2403462885855146,0.23794383451694937,3102,39.993552546744034
0.2515999559814561,0.24772265337955124,2630,39.975665399239546
0.26034575730289145,0.25829652752300225,2619,39.963344788087056
0.2796422878223217,0.2649861742426354,663,39.800904977375566
0.2508109941188611,0.24930864836802538,2587,39.96907614998067
0.2605509250398083,0.261600691396347,2288,39.99125874125874
0.26132395449129425,0.2573416019850495,2475,39.97252525252525
0.267553350998589,0.26075506991864367,1259,39.961874503574265
0.2605869179365606,0.2574200197555534,2300,39.944347826086954
0.2512629967806392,0.24406706679257686,1390,39.93093525179856
0.242815084256954,0.24058104410036213,2223,39.97300944669366
0.2578115047025693,0.25579320792184107,2690,39.982156133828994
0.2614090344058999,0.25893758060012534,3136,39.954081632653065
0.2748190751236213,0.2688760265526409,2371,39.87009700548292
0.1568356032214493,0.15431419577316002,1636,39.955990220048896
0.26129041575127065,0.25792061055969495,2903,39.95452979676197
0.25649584304337253,0.25444240863425516,3468,39.98731257208766
0.2486241743061191,0.24648814466733276,3883,39.978367241823335
0.248222928783839,0.24356857717893435,2114,39.97161778618732
0.2551126880165154,0.2517432407395447,2845,39.94094903339192
0.24336910517252472,0.24132415677345445,2464,39.94642857142857
0.23918712826385535,0.23381823047664396,2262,39.92572944297082
0.2474668947109542,0.24151524441245473,2774,39.943763518385005
0.2536928447716049,0.25139988744548947,4512,39.97074468085106
0.26161385518808244,0.2576432956596943,3044,39.96452036793693
0.18994314041108473,0.18770132736413442,3060,39.97254901960784
0.2554242075212288,0.25358933442351755,4502,39.97601066192803
0.2579414457760147,0.2551805456750003,3734,39.971076593465455
0.259152924786274,0.257484659725686,3304,39.97094430992736
0.2521229151049466,0.24886938366159558,3972,39.9718026183283
0.25427562976922224,0.25184130158413653,3315,39.9710407239819
0.22789189095200973,0.2253184386350699,3717,39.9774011299435
0.2559267422131917,0.2537527125797334,4856,39.97528830313015
0.25398627868046764,0.2509426665198318,3437,39.961594413732904
0.23646238281592172,0.23457917265150416,4090,39.97359413202934
0.2519169155798349,0.25121178262898636,4401,39.994546693933195
0.25724123917532943,0.25725088656548145,3674,39.98366902558519
0.28099678061001315,0.27259868624469924,1051,39.980970504281636
0.2491970659719119,0.2452194277072468,2261,39.975232198142415
0.2772727948270416,0.2727170286086091,2581,40.020147229755906
0.24693301755748354,0.24386724701664558,3416,39.99297423887588
0.24955831508516774,0.24637892490173355,3032,39.968337730870715
0.22971870944737113,0.22891155938143168,3580,39.97988826815642
0.2569457846691212,0.25359127733114717,3655,39.97373461012312
0.25641851241807484,0.2549477457087548,3867,39.98138091543832
0.2545434504504248,0.25244728791863214,5049,39.97385620915033
0.2571477639275326,0.2542523092817478,4300,39.972093023255816
0.2267971218068639,0.22496975077570502,4158,39.97979797979798
0.25681955999399675,0.2603353968808792,3815,39.98427260812582
0.23355983003317732,0.23128536329651034,4333,39.97784444957304
0.2440768968013606,0.2410079071170231,3890,39.969151670951156
0.27521319230658603,0.27691108400445286,948,39.860759493670884
0.24536884284282767,0.24290965342178794,4068,39.97935103244838
0.2461525972222946,0.24358188030894895,2398,39.976647206005005
0.2456651619338529,0.24484053861412935,3400,39.98235294117647
0.2443496734965748,0.24594370047404243,3275,39.948702290076334
0.23824937958291148,0.23675229859592742,3650,39.93753424657534
0.27809356644862815,0.27568069017129254,725,39.867586206896554
0.31366064248606096,0.3067733040781086,475,40.008421052631576
0.2897579377469588,0.27666898581857013,672,39.88095238095238
0.2893204412815975,0.2811725293701159,689,39.93033381712627
0.24727548541341351,0.24059927049366958,1391,39.92235801581596
0.26871792873974376,0.2724131029071858,1163,39.88650042992261
0.21557286728899272,0.21280377451576554,4154,39.98651901781415
0.45891821087245716,0.4129562919133027,86,40.0
0.2580370298407241,0.22342015110612085,193,39.689119170984455
0.25778308958943863,0.25505393195329557,2761,39.96957624049257
0.24221886204846255,0.24125005277816758,4248,39.97457627118644
0.23040686695791593,0.22848518965781656,2978,39.97179314976494
0.3507821356710723,0.35906168540174815,420,39.96190476190476
0.25687632254192083,0.25331150825752563,1966,39.938962360122076
0.2445841299576112,0.2422398880401735,3689,39.94795337489835
0.2660588361611464,0.2653909948409928,1496,39.87700534759358
0.2446765434630567,0.24506572269807012,2370,39.947679324894516
0.23231718964609432,0.230507143997443,4261,39.98591879840413
0.23690101181902615,0.236379273189561,3223,39.962767607818805
0.25973653705815036,0.26039446222032137,3752,39.93603411513859
0.24886168124409164,0.25014051927718234,2329,39.95878059252898
0.2140103339274459,0.21278381384063114,4305,39.9869918699187
0.2265425292965365,0.22510890650553114,3684,40.00542888165038
0.22809455428791178,0.22185002752411512,887,40.0
0.24888937380854037,0.24787073361587295,4083,39.985304922850844
0.2332543396746419,0.2315094635072647,3071,39.93747964832302
0.24149251003863598,0.24168517571453607,2606,39.94013814274751
0.24957647698632318,0.24890047522731096,3420,39.97543859649123
0.22584459146080038,0.22584459146080038,4119,39.98543335761107
0.2836691835019126,0.28140546071869876,975,39.93846153846154
0.24639330913876323,0.24419046736564326,2890,39.976470588235294
0.2488266215245752,0.247935330034406,3126,39.953934740882914
0.2584876032416323,0.25733347763726167,2095,39.97326968973747
0.2620708022931175,0.25496741950767293,1273,39.949725058915945
0.25854121720559226,0.25486222366114786,3394,39.97525044195639
0.2801601291184989,0.2724620201316287,475,39.823157894736845
0.2618024410721018,0.26080824427638527,2397,39.934918648310386
0.26168137146694986,0.26026000201682026,3432,39.95454545454545
0.2508241685896325,0.2481258089032882,1806,39.91362126245847
0.2524018374366498,0.24875597520264586,3254,39.97049784880147
0.233320550760778,0.2299584156333758,3121,39.9807753925024
0.24713140800150307,0.24632847017532516,3764,39.974495217853345
0.24156846100860652,0.2392652711165635,3581,39.986595922926554
0.2512981630288966,0.2493378038258968,4234,39.99149740198394
0.2602097793931631,0.2569097904115643,2683,39.970182631382784
0.19370366785443396,0.1914112545937175,2981,39.95169406239517
0.2396130193794782,0.23570201624163906,3460,39.96184971098266
0.25504911151066556,0.25545567660806906,4110,40.00681265206813
0.2509408756999822,0.24911416071581163,3085,39.96888168557536
0.2065860856732387,0.20478071100517062,4063,39.979325621461975
0.24329199716755437,0.2400900415095045,2937,39.97957099080695
0.2525979069817464,0.2500041587686888,2882,39.94170714781402
0.2470677591905984,0.24317305405112302,1958,39.969356486210415
0.26045403318658017,0.25676304634541414,2046,39.94330400782014
0.25689652526996754,0.25399909041345187,4360,39.972477064220186
0.25455088947403165,0.25454459335357565,4391,40.0054657253473
0.23124225744965501,0.22911575853220337,4683,39.97181294042281
0.2542594540667536,0.25215974474282987,3790,39.98733509234828
0.24841050882641516,0.2469684869017925,4044,39.98516320474778
0.256685163804871,0.2546180674022849,3923,39.984705582462404
0.2549538490430242,0.2528105319847078,5088,39.971698113207545
0.25314757951589817,0.2510801049800944,2493,39.93742478941035
0.258814304155008,0.25416762398135373,2066,39.947725072604065
0.25003459962555624,0.24930501733803526,3122,39.97437540038437
0.2525985189157452,0.249492949242366,3150,39.96952380952381
0.2597968500608039,0.2590252101922996,3324,40.01083032490975
0.2500482932274092,0.2482821648800828,2860,39.98041958041958
0.24857301670048357,0.24493776911482304,3505,39.976034236804566
0.25128756038769895,0.24925649126635044,2569,39.97197353055664
0.2570992719182991,0.2541270070322439,2512,39.98089171974522
0.24801841579175096,0.24674600218891035,3171,39.99243140964995
0.2589955389065047,0.25622278779126945,2259,39.992917220008856
0.26127303188643025,0.2475142776585158,588,39.945578231292515
0.2689879038989891,0.2827063015524697,1045,40.10334928229665
0.251264246608003,0.25546914029334666,1537,40.023422251138584
0.24852526662355232,0.24618762179883366,4342,39.98341777982497
0.26055979827728126,0.2637823388994223,2050,39.94926829268293
0.2587225919604799,0.2674068184718433,303,39.947194719471945
0.3502619466903815,0.363310468665397,331,40.45921450151057
0.29147991221643926,0.2900758085723507,1426,40.15147265077139
0.24912944569952666,0.24720639828799695,4087,39.98238316613653
0.23324274755142085,0.23250896310117292,4032,39.99107142857143
0.24066694823429247,0.23850661687714927,2585,39.99071566731141
0.2601030391126051,0.25849485948856726,3461,39.95145911586247
0.25498058740381224,0.25119316013332804,2529,39.97627520759193
0.2558572368245245,0.2536610347383758,3637,39.986802309595824
0.2553376582184864,0.2545216534439668,3733,39.97749799089205
0.24954830422899055,0.24699913122673445,3174,39.95841209829867
0.2651663660412641,0.2604099210921351,1975,39.96759493670886
0.26905505297981486,0.2640092296441771,1830,39.92131147540984
0.2539424551568818,0.25184997116314545,3812,39.98740818467996
0.2549738054709269,0.25289938671270806,3861,39.98445998445998
0.25357870067337784,0.251606140352257,2819,39.965945370698826
0.20100570454793248,0.19892787074807622,2772,39.96536796536797
0.23726458689924027,0.23428879258048305,3176,39.96977329974811
0.24837113252700432,0.24602955535733295,3249,39.981532779316716
0.2576376142381155,0.25535531015560536,3437,39.98254291533314
0.2587064162810328,0.25543710552608595,3031,39.968327284724516
0.2592085944091868,0.25748479334368257,3189,39.969896519285044
0.2528446394509644,0.25118941394807254,5017,39.99760813235001
0.2410929599789398,0.2387035512314929,4164,39.971181556195965
0.24336324544879717,0.2413611530443712,3867,39.97207137315748
0.24974386229512757,0.24898723648194346,3716,39.96555435952637
0.24054012282431933,0.2380729712021004,4009,39.967074083312546
0.2583233506293618,0.25515236339257635,3202,39.977514053716426
0.26260750896047763,0.260553216812557,2652,39.94570135746606
0.19659026248685374,0.19512586280372543,4132,39.97095837366893
0.25745313894845245,0.25449039135048773,3461,39.968795145911585
0.25311335635011234,0.2514515395052403,3413,39.97538822150601
0.254992405088609,0.2555586238584053,4745,39.99747102212856
